small,medium,large,changes
0.002191067,0.001878977,0.002417088,100
0.001159906,0.001593113,0.00386405,200
0.001639843,0.002683163,0.005300999,300
0.001569033,0.003726959,0.008069038,400
0.002011061,0.004120111,0.010710001,500
0.002249002,0.004845142,0.011541128,600
0.002852917,0.005249977,0.014457941,700
0.003084898,0.006536961,0.014312029,800
0.003575087,0.006944895,0.014870882,900
0.004173994,0.008211851,0.020739079,1000