small,medium,large,changes
0.000543833,0.00148797,0.006119013,100
0.000839949,0.003672871,0.012439966,200
0.001356125,0.003882852,0.01838398,300
0.001551972,0.00429601,0.01978023,400
0.001610041,0.006649017,0.023454956,500
0.001752853,0.007062031,0.028969059,600
0.001930204,0.007377863,0.035761137,700
0.002367943,0.008105019,0.041102987,800
0.002790934,0.008992962,0.049060072,900
0.003578162,0.009956934,0.057166862,1000