small,medium,large,changes
0.000869989,0.001029015,0.001735926,100
0.002369165,0.000635862,0.001706839,200
0.000344992,0.000923872,0.002001047,300
0.000518799,0.001739979,0.002180815,400
0.000389814,0.002220869,0.003160954,500
0.000854969,0.00199008,0.006277084,600
0.000967026,0.002873898,0.003497839,700
0.000762939,0.003366947,0.007273197,800
0.000941038,0.003298998,0.006307125,900
0.00364995,0.003901958,0.010838985,999