time,versions
0.023493051528930664,100
0.03665900230407715,200
0.05650210380554199,300
0.07488799095153809,400
0.09463787078857422,500
0.13296008110046387,600
0.12993407249450684,700
0.15327095985412598,800
0.1915290355682373,900
0.234238862991333,999
