time,versions
0.03641486167907715,100
0.06948709487915039,200
0.0967259407043457,300
0.14472103118896484,400
0.17939996719360352,500
0.22280502319335938,600
0.2631261348724365,700
0.33907198905944824,800
0.33777618408203125,900
0.38145899772644043,999
